step,entropy
0,5545.17919921875
1,5545.17919921875
2,5545.17919921875
3,5545.17919921875
4,5255.68115234375
5,5255.68115234375
6,5255.68115234375
7,5255.68115234375
8,5255.68115234375
9,5255.68115234375
10,5127.5478515625
11,5127.5478515625
12,5127.5478515625
13,4700.8828125
14,4700.8828125
15,3939.595458984375
16,2952.972900390625
17,1441.365234375
18,1015.7891235351562
19,985.2099609375
20,985.1993408203125
