time,step,action,reward,entropy,state,next_state
0.0,1,"[0.01, 0.0, 0.0]",0.0017285034476017904,4739.902822111565,"[0.0, 2.720688300871953e-05, 1.3531410663256906e-05, 1.2768609522622622e-06, 6.638892187754203e-06, 1.1127262858471572e-06]","[0.0, 2.4556490912202148e-05, 1.4194008687386251e-05, 1.2920750947548766e-07, 6.638892187754203e-06, 1.1127262858471572e-06]"
180.0,2,"[-0.0, -0.0, -0.01]",-0.0009984319164103746,4739.895369212472,"[0.0, 2.4556490912202148e-05, 1.4194008687386251e-05, 1.2920750947548766e-07, 6.638892187754203e-06, 1.1127262858471572e-06]","[0.0, 2.4556490912202148e-05, 1.4194008687386251e-05, 1.2920750947548766e-07, 5.640542909029887e-06, 2.412658541630294e-07]"
360.0,3,"[0.0, 0.0, 0.01]",0.0029364119500265356,4721.186110825537,"[0.0, 2.4556490912202148e-05, 1.4194008687386251e-05, 1.2920750947548766e-07, 5.640542909029887e-06, 2.412658541630294e-07]","[0.0, 2.4556490912202148e-05, 1.4194008687386251e-05, 1.2920750947548766e-07, 6.452115920158182e-06, 1.2888792436959238e-06]"
540.0,4,"[-0.0, -0.01, -0.0]",0.006870177257172029,4683.780173203988,"[0.0, 2.4556490912202148e-05, 1.4194008687386251e-05, 1.2920750947548766e-07, 6.452115920158182e-06, 1.2888792436959238e-06]","[-2.65039209651738e-06, 2.5330107815496182e-05, 1.300533846344441e-05, -2.239682813860704e-06, 6.452115920158182e-06, 1.2888792436959238e-06]"
