time,step,action,reward,entropy,state,next_state
0.0,1,"[-0.0, -0.0, -0.05]",0.028903562681967743,4936.984673852878,"[0.0, 2.73400612999651e-05, 1.3750094984756453e-05, 5.574933117128556e-07, 6.987181440434899e-06, -7.16553406164997e-07]","[0.0, 2.73400612999651e-05, 1.3750094984756453e-05, 5.574933117128556e-07, 1.2489142265010265e-06, -4.029543526811722e-06]"
180.0,2,"[-0.0, -0.0, -0.05]",0.002877904088486217,4896.726693133158,"[0.0, 2.73400612999651e-05, 1.3750094984756453e-05, 5.574933117128556e-07, 1.2489142265010265e-06, -4.029543526811722e-06]","[0.0, 2.73400612999651e-05, 1.3750094984756453e-05, 5.574933117128556e-07, -3.7428321671205543e-06, -8.38684568523236e-06]"
360.0,3,"[0.0, 0.05, 0.0]",0.0019225036745504718,4861.3510378405845,"[0.0, 2.73400612999651e-05, 1.3750094984756453e-05, 5.574933117128556e-07, -3.7428321671205543e-06, -8.38684568523236e-06]","[1.32519604825869e-05, 2.34754602366564e-05, 2.186582509603941e-05, 1.10336272070418e-05, -3.7428321671205543e-06, -8.38684568523236e-06]"
540.0,4,"[0.0, 0.0, 0.0]",0.0,4861.3510378405845,"[1.32519604825869e-05, 2.34754602366564e-05, 2.186582509603941e-05, 1.10336272070418e-05, -3.7428321671205543e-06, -8.38684568523236e-06]","[1.32519604825869e-05, 1.9618381272894442e-05, 2.186582509603941e-05, 1.10336272070418e-05, -3.7428321671205543e-06, -8.38684568523236e-06]"
