step,entropy
0,5545.177734375
1,5545.177734375
2,5545.177734375
3,5190.57861328125
4,5190.57861328125
5,5190.57861328125
6,5190.57861328125
7,4976.5615234375
8,4976.5615234375
9,4896.90283203125
10,4896.90283203125
11,4896.90283203125
12,4859.49658203125
13,4822.0927734375
14,4807.54833984375
15,4777.763671875
16,4700.87109375
17,4700.87109375
18,4651.68505859375
19,4651.68505859375
20,4651.68505859375
