{
    "episode": 49,
    "duration_seconds": 2264.4116744995117,
    "duration_minutes": 37.74019457499186,
    "cpu_memory_used_mb": 5.59765625,
    "cpu_memory_peak_mb": 1592.44921875,
    "gpu_memory_peak_mb": 1085.1826171875,
    "initial_entropy": 2080.914794921875,
    "final_entropy": 199.106689453125,
    "entropy_reduction": 1881.80810546875
}