time,step,action,reward,entropy,state,next_state
0.0,1,"[-0.05, -0.0, -0.0]",0.0330349443013173,4872.567147880333,"[0.0, 2.586351505125586e-05, 1.3834772138691569e-05, 7.652349173177703e-07, 6.446600929712013e-06, 1.1108225339836874e-06]","[0.0, 3.911547553384276e-05, 1.0521782018044845e-05, 6.503502131251643e-06, 6.446600929712013e-06, 1.1108225339836874e-06]"
180.0,2,"[-0.0, -0.0, -0.01]",0.009413261690047199,4819.821659348681,"[0.0, 3.911547553384276e-05, 1.0521782018044845e-05, 6.503502131251643e-06, 6.446600929712013e-06, 1.1108225339836874e-06]","[0.0, 3.911547553384276e-05, 1.0521782018044845e-05, 6.503502131251643e-06, 5.448251650987697e-06, 2.393621022995597e-07]"
360.0,3,"[-0.0, -0.0, -0.05]",-0.0019820886269436983,4804.535266434036,"[0.0, 3.911547553384276e-05, 1.0521782018044845e-05, 6.503502131251643e-06, 5.448251650987697e-06, 2.393621022995597e-07]","[0.0, 3.911547553384276e-05, 1.0521782018044845e-05, 6.503502131251643e-06, 1.3903865953462188e-06, -4.998704845364912e-06]"
540.0,4,"[-0.0, -0.0, -0.05]",-0.0015768596065959457,4787.196298324256,"[0.0, 3.911547553384276e-05, 1.0521782018044845e-05, 6.503502131251643e-06, 1.3903865953462188e-06, -4.998704845364912e-06]","[0.0, 3.911547553384276e-05, 1.0521782018044845e-05, 6.503502131251643e-06, -1.5812889645083835e-06, -1.0920930653705391e-05]"
