{
    "episode": 147,
    "duration_seconds": 1951.4483301639557,
    "duration_minutes": 32.52413883606593,
    "cpu_memory_used_mb": 1014.16796875,
    "cpu_memory_peak_mb": 1573.80078125,
    "gpu_memory_peak_mb": 1123.01953125,
    "initial_entropy": 3062.98681640625,
    "final_entropy": 260.10009765625,
    "entropy_reduction": 2802.88671875,
    "omp_threads_env": "auto",
    "omp_threads_config": "auto"
}