time,step,action,reward,entropy,state,next_state
0.0,1,"[0.05, 0.0, 0.0]",-0.00419992360961011,4713.775295388628,"[0.0, 2.8382921504928117e-05, 1.4369586944613728e-05, -3.0502519279591197e-07, 8.087818874825711e-06, 7.862853772745391e-07]","[0.0, 1.5130961022341217e-05, 1.7682577065260453e-05, -6.043292406729785e-06, 8.087818874825711e-06, 7.862853772745391e-07]"
180.0,2,"[-0.0, -0.0, -0.05]",-0.004841678082131841,4713.028403873195,"[0.0, 1.5130961022341217e-05, 1.7682577065260453e-05, -6.043292406729785e-06, 8.087818874825711e-06, 7.862853772745391e-07]","[0.0, 1.5130961022341217e-05, 1.7682577065260453e-05, -6.043292406729785e-06, 3.09607248120413e-06, -3.571016781146099e-06]"
360.0,3,"[-0.0, -0.0, -0.05]",-0.005000000000000001,4713.028403873195,"[0.0, 1.5130961022341217e-05, 1.7682577065260453e-05, -6.043292406729785e-06, 3.09607248120413e-06, -3.571016781146099e-06]","[0.0, 1.5130961022341217e-05, 1.7682577065260453e-05, -6.043292406729785e-06, -9.617925744373479e-07, -8.80908372881057e-06]"
540.0,4,"[0.0, 0.0, 0.0]",0.0,4713.028403873195,"[0.0, 1.5130961022341217e-05, 1.7682577065260453e-05, -6.043292406729785e-06, -9.617925744373479e-07, -8.80908372881057e-06]","[0.0, 1.5130961022341217e-05, 1.7682577065260453e-05, -6.043292406729785e-06, -9.617925744373479e-07, -8.80908372881057e-06]"
