time,step,action,reward,entropy,state,next_state
0.0,1,"[0.0, 0.0, 0.05]",0.025000891408067116,5063.072287747653,"[0.0, 2.9094793418878174e-05, 1.310193977840786e-05, -8.922717266027751e-07, 6.8455103705829874e-06, -9.548268324610598e-07]","[0.0, 2.9094793418878174e-05, 1.310193977840786e-05, -8.922717266027751e-07, 1.2583777584516861e-05, 2.358163288185665e-06]"
180.0,2,"[0.0, 0.0, 0.05]",0.00363837328953864,5017.982856194492,"[0.0, 2.9094793418878174e-05, 1.310193977840786e-05, -8.922717266027751e-07, 1.2583777584516861e-05, 2.358163288185665e-06]","[0.0, 2.9094793418878174e-05, 1.310193977840786e-05, -8.922717266027751e-07, 1.7575523978138443e-05, 6.715465446606303e-06]"
360.0,3,"[0.05, 0.0, 0.0]",-0.005000000000000001,5017.982856194492,"[0.0, 2.9094793418878174e-05, 1.310193977840786e-05, -8.922717266027751e-07, 1.7575523978138443e-05, 6.715465446606303e-06]","[0.0, 1.5842832936291275e-05, 1.8340006726072333e-05, -4.950136782244253e-06, 1.7575523978138443e-05, 6.715465446606303e-06]"
540.0,4,"[-0.0, -0.05, -0.0]",-0.005000000000000001,5017.982856194492,"[0.0, 1.5842832936291275e-05, 1.8340006726072333e-05, -4.950136782244253e-06, 1.7575523978138443e-05, 6.715465446606303e-06]","[-1.32519604825869e-05, 1.971096856746616e-05, 1.2396655606363128e-05, -1.6794588398925214e-05, 1.7575523978138443e-05, 6.715465446606303e-06]"
