step,entropy
0,5545.177444479563
1,5110.2400165747185
2,4716.075374727043
3,4378.703638139067
4,4100.895684217163
5,3876.417759695458
6,3585.457157569911
7,3314.535516866664
8,3064.4265824092904
9,2901.5678729673177
10,2728.2953798222798
11,2551.5400018179416
12,2367.872014270536
13,2268.032531147884
14,2175.8548215851106
15,2096.788029603584
16,2034.366487865518
17,1942.1544803512047
18,1887.366130481213
19,1848.534455967411
20,1811.7667888465655
