{
    "episode": 130,
    "duration_seconds": 2283.653251647949,
    "duration_minutes": 38.06088752746582,
    "cpu_memory_used_mb": 785.640625,
    "cpu_memory_peak_mb": 1342.625,
    "gpu_memory_peak_mb": 1126.1572265625,
    "initial_entropy": 2369.71875,
    "final_entropy": 371.1248779296875,
    "entropy_reduction": 1998.5938720703125,
    "omp_threads_env": "auto",
    "omp_threads_config": "auto"
}