{
    "episode": 90,
    "duration_seconds": 2023.9695773124695,
    "duration_minutes": 33.732826288541155,
    "cpu_memory_used_mb": 925.41796875,
    "cpu_memory_peak_mb": 1479.96484375,
    "gpu_memory_peak_mb": 1123.63427734375,
    "initial_entropy": 2833.0517578125,
    "final_entropy": 369.6990966796875,
    "entropy_reduction": 2463.3526611328125,
    "omp_threads_env": "auto",
    "omp_threads_config": "auto"
}