{
    "episode": 126,
    "duration_seconds": 2576.1771609783173,
    "duration_minutes": 42.93628601630529,
    "cpu_memory_used_mb": 586.6875,
    "cpu_memory_peak_mb": 1135.828125,
    "gpu_memory_peak_mb": 1123.81884765625,
    "initial_entropy": 2247.825439453125,
    "final_entropy": 197.0044708251953,
    "entropy_reduction": 2050.8209686279297,
    "omp_threads_env": "auto",
    "omp_threads_config": "auto"
}