time,step,action,reward,entropy,state,next_state
0.0,1,"[-0.05, -0.0, -0.0]",511.81330586254705,5033.364133617016,"[0.0, 2.925578225955636e-05, 1.4110824518775504e-05, 1.5494055245256724e-07, 7.270294469296982e-06, 5.561226315461165e-08]","[0.0, 4.250774274214326e-05, 1.079783439812878e-05, 5.8932077663864395e-06, 7.270294469296982e-06, 5.561226315461165e-08]"
300.0,2,"[-0.0, -0.0, -0.05]",0.18633691174533043,5033.1777917052705,"[0.0, 4.250774274214326e-05, 1.079783439812878e-05, 5.8932077663864395e-06, 7.270294469296982e-06, 5.561226315461165e-08]","[0.0, 4.250774274214326e-05, 1.079783439812878e-05, 5.8932077663864395e-06, 2.882350238799875e-06, -4.909220018812057e-06]"
600.0,3,"[-0.0, -0.05, -0.0]",0.009717612835503242,5033.168069092435,"[0.0, 4.250774274214326e-05, 1.079783439812878e-05, 5.8932077663864395e-06, 2.882350238799875e-06, -4.909220018812057e-06]","[-1.32519604825869e-05, 4.894839989171289e-05, 5.632481610485974e-06, -6.310627172321783e-06, 2.882350238799875e-06, -4.909220018812057e-06]"
900.0,4,"[-0.0, -0.0, -0.01]",0.0011429881691330812,5033.166925104266,"[-1.32519604825869e-05, 4.894839989171289e-05, 5.632481610485974e-06, -6.310627172321783e-06, 2.882350238799875e-06, -4.909220018812057e-06]","[-1.32519604825869e-05, 5.537707780925248e-05, 5.632481610485974e-06, -6.310627172321783e-06, 2.780423234141365e-06, -6.230490412047973e-06]"
1200.0,5,"[0.0, 0.0, 0.05]",-5e-06,5033.166925104266,"[-1.32519604825869e-05, 5.537707780925248e-05, 5.632481610485974e-06, -6.310627172321783e-06, 2.780423234141365e-06, -6.230490412047973e-06]","[-1.32519604825869e-05, 6.180575572679208e-05, 5.632481610485974e-06, -6.310627172321783e-06, 1.164177603017675e-06, 1.9534527040491707e-07]"
