{
    "episode": 156,
    "duration_seconds": 1977.5159583091736,
    "duration_minutes": 32.958599305152894,
    "cpu_memory_used_mb": 1300.984375,
    "cpu_memory_peak_mb": 1860.69921875,
    "gpu_memory_peak_mb": 1122.8349609375,
    "initial_entropy": 2184.80126953125,
    "final_entropy": 194.23138427734375,
    "entropy_reduction": 1990.5698852539062,
    "omp_threads_env": "auto",
    "omp_threads_config": "auto"
}