time,step,action,reward,entropy,state,next_state
0.0,1,"[-0.01, -0.0, -0.0]",-0.0004593834762365197,4748.917164317572,"[0.0, 2.7531782853842432e-05, 1.5049181456572666e-05, -1.0871726291492426e-06, 8.562149161679035e-06, -1.1506238096267412e-06]","[0.0, 3.0182174950359812e-05, 1.438658343244332e-05, 6.04808136375319e-08, 8.562149161679035e-06, -1.1506238096267412e-06]"
180.0,2,"[0.0, 0.0, 0.05]",0.0018513154366769733,4716.363235650432,"[0.0, 3.0182174950359812e-05, 1.438658343244332e-05, 6.04808136375319e-08, 8.562149161679035e-06, -1.1506238096267412e-06]","[0.0, 3.0182174950359812e-05, 1.438658343244332e-05, 6.04808136375319e-08, 1.3553895555300616e-05, 3.2066783487938973e-06]"
360.0,3,"[-0.05, -0.0, -0.0]",-0.004999879542634313,4716.362663298958,"[0.0, 3.0182174950359812e-05, 1.438658343244332e-05, 6.04808136375319e-08, 1.3553895555300616e-05, 3.2066783487938973e-06]","[0.0, 4.343413543294671e-05, 9.14851648477885e-06, 4.1183458692790096e-06, 1.3553895555300616e-05, 3.2066783487938973e-06]"
540.0,4,"[0.01, 0.0, 0.0]",-0.0009999999849568766,4716.362663227481,"[0.0, 4.343413543294671e-05, 9.14851648477885e-06, 4.1183458692790096e-06, 1.3553895555300616e-05, 3.2066783487938973e-06]","[0.0, 4.078374333642933e-05, 1.0332961646446945e-05, 3.524010757308089e-06, 1.3553895555300616e-05, 3.2066783487938973e-06]"
