{
    "episode": 144,
    "duration_seconds": 1996.7423014640808,
    "duration_minutes": 33.27903835773468,
    "cpu_memory_used_mb": 1302.65234375,
    "cpu_memory_peak_mb": 1862.3359375,
    "gpu_memory_peak_mb": 1127.01806640625,
    "initial_entropy": 2195.18994140625,
    "final_entropy": 206.72447204589844,
    "entropy_reduction": 1988.4654693603516,
    "omp_threads_env": "auto",
    "omp_threads_config": "auto"
}