time,step,action,reward,entropy,state,next_state
0.0,1,"[-0.0, -0.01, -0.0]",0.03260861575736339,4941.838418517431,"[0.0, 2.8558081729659004e-05, 1.3632123591335375e-05, 7.130048410335465e-07, 7.851818894771649e-06, -8.491446469572941e-07]","[-2.65039209651738e-06, 2.9329512856822812e-05, 1.1336816705761826e-05, -6.121912072251434e-07, 7.851818894771649e-06, -8.491446469572941e-07]"
180.0,2,"[0.0, 0.0, 0.01]",0.010258226344669632,4884.267193875299,"[-2.65039209651738e-06, 2.9329512856822812e-05, 1.1336816705761826e-05, -6.121912072251434e-07, 7.851818894771649e-06, -8.491446469572941e-07]","[-2.65039209651738e-06, 3.010094398398662e-05, 1.1336816705761826e-05, -6.121912072251434e-07, 8.850168173495964e-06, 2.2315784726833635e-08]"
360.0,3,"[-0.0, -0.01, -0.0]",0.0013119005354918678,4872.444821415886,"[-2.65039209651738e-06, 3.010094398398662e-05, 1.1336816705761826e-05, -6.121912072251434e-07, 8.850168173495964e-06, 2.2315784726833635e-08]","[-5.30078419303476e-06, 3.1645315769694056e-05, 9.713670683505235e-06, -2.707417986290932e-06, 8.850168173495964e-06, 2.2315784726833635e-08]"
540.0,4,"[0.0, 0.0, 0.05]",-0.0013388889135937461,4853.722987057396,"[-5.30078419303476e-06, 3.1645315769694056e-05, 9.713670683505235e-06, -2.707417986290932e-06, 8.850168173495964e-06, 2.2315784726833635e-08]","[-5.30078419303476e-06, 3.3188183135492144e-05, 9.713670683505235e-06, -2.707417986290932e-06, 1.1821843733350567e-05, 5.944541593067313e-06]"
