{
    "episode": 124,
    "duration_seconds": 2297.0943031311035,
    "duration_minutes": 38.28490505218506,
    "cpu_memory_used_mb": 902.421875,
    "cpu_memory_peak_mb": 1457.43359375,
    "gpu_memory_peak_mb": 1125.4189453125,
    "initial_entropy": 2143.939208984375,
    "final_entropy": 280.9375,
    "entropy_reduction": 1863.001708984375,
    "omp_threads_env": "auto",
    "omp_threads_config": "auto"
}