time,step,action,reward,entropy,state,next_state
0.0,1,"[-0.01, -0.0, -0.0]",790.9212452855594,4754.256198194003,"[0.0, 2.9136927519920728e-05, 1.4489365578137649e-05, 2.0728068760147655e-07, 7.0404148534294075e-06, -1.1466324075593505e-07]","[0.0, 3.1787319616438105e-05, 1.3826767554008304e-05, 1.354934130388251e-06, 7.0404148534294075e-06, -1.1466324075593505e-07]"
30.0,2,"[0.0, 0.01, 0.0]",7.531651235065849,4746.724545958938,"[0.0, 3.1787319616438105e-05, 1.3826767554008304e-05, 1.354934130388251e-06, 7.0404148534294075e-06, -1.1466324075593505e-07]","[2.65039209651738e-06, 3.1658620064804746e-05, 1.607802455190653e-05, 2.7536550441863036e-06, 7.0404148534294075e-06, -1.1466324075593505e-07]"
60.0,3,"[0.01, 0.0, 0.0]",1.3971899036445141,4745.327355055293,"[2.65039209651738e-06, 3.1658620064804746e-05, 1.607802455190653e-05, 2.7536550441863036e-06, 7.0404148534294075e-06, -1.1466324075593505e-07]","[2.65039209651738e-06, 2.887965696567181e-05, 1.6813416050956294e-05, 1.6512286704788398e-06, 7.0404148534294075e-06, -1.1466324075593505e-07]"
90.0,4,"[0.05, 0.0, 0.0]",0.001710982252790127,4745.32563907304,"[2.65039209651738e-06, 2.887965696567181e-05, 1.6813416050956294e-05, 1.6512286704788398e-06, 7.0404148534294075e-06, -1.1466324075593505e-07]","[2.65039209651738e-06, 1.5499125480469357e-05, 2.0666683397685564e-05, -3.7391279886524625e-06, 7.0404148534294075e-06, -1.1466324075593505e-07]"
120.0,5,"[-0.05, -0.0, -0.0]",-4.857043803785928e-06,4745.325638930084,"[2.65039209651738e-06, 1.5499125480469357e-05, 2.0666683397685564e-05, -3.7391279886524625e-06, 7.0404148534294075e-06, -1.1466324075593505e-07]","[2.65039209651738e-06, 2.8622514960440702e-05, 1.6641135943453897e-05, 1.523816230293826e-06, 7.0404148534294075e-06, -1.1466324075593505e-07]"
