{
    "episode": 73,
    "duration_seconds": 1986.8647887706757,
    "duration_minutes": 33.11441314617793,
    "cpu_memory_used_mb": 1128.17578125,
    "cpu_memory_peak_mb": 1680.64453125,
    "gpu_memory_peak_mb": 1121.60400390625,
    "initial_entropy": 2499.23046875,
    "final_entropy": 248.33189392089844,
    "entropy_reduction": 2250.8985748291016,
    "omp_threads_env": "auto",
    "omp_threads_config": "auto"
}