{
    "episode": 60,
    "duration_seconds": 2143.467222929001,
    "duration_minutes": 35.72445371548335,
    "cpu_memory_used_mb": 1043.265625,
    "cpu_memory_peak_mb": 1597.62109375,
    "gpu_memory_peak_mb": 1116.005859375,
    "initial_entropy": 2381.49267578125,
    "final_entropy": 176.90475463867188,
    "entropy_reduction": 2204.587921142578,
    "omp_threads_env": "auto",
    "omp_threads_config": "auto"
}