time,step,action,reward,entropy,state,next_state
0.0,1,"[0.05, 0.0, 0.0]",0.1401339194262679,4765.337406548266,"[0.0, 2.7659811025790672e-05, 1.4983488546978829e-05, 2.7430187662542974e-07, 7.564755642900451e-06, -6.665223634840335e-07]","[0.0, 1.4407850543203772e-05, 1.8296478667625555e-05, -5.463965337308443e-06, 7.564755642900451e-06, -6.665223634840335e-07]"
120.0,2,"[0.0, 0.0, 0.0]",0.0005588590571629707,4762.238433909843,"[0.0, 1.4407850543203772e-05, 1.8296478667625555e-05, -5.463965337308443e-06, 7.564755642900451e-06, -6.665223634840335e-07]","[0.0, 1.4407850543203772e-05, 1.8296478667625555e-05, -5.463965337308443e-06, 7.564755642900451e-06, -6.665223634840335e-07]"
240.0,3,"[-0.05, -0.0, -0.0]",-0.00037427573186551175,4761.5412705339595,"[0.0, 1.4407850543203772e-05, 1.8296478667625555e-05, -5.463965337308443e-06, 7.564755642900451e-06, -6.665223634840335e-07]","[0.0, 2.7659811025790672e-05, 1.362564449221189e-05, -7.642927674586067e-07, 7.564755642900451e-06, -6.665223634840335e-07]"
