time,step,action,reward,entropy,state,next_state
0.0,1,"[0.01, 0.0, 0.0]",0.004094252872250448,4554.329736239808,"[0.0, 2.66115883644879e-05, 1.4378201919879516e-05, 1.0005534653717093e-06, 8.352475603581228e-06, 1.4208955865547038e-06]","[0.0, 2.396119626797052e-05, 1.504079994400886e-05, -1.4709997741506526e-07, 8.352475603581228e-06, 1.4208955865547038e-06]"
180.0,2,"[-0.0, -0.0, -0.01]",0.0049043806145089765,4527.301551625971,"[0.0, 2.396119626797052e-05, 1.504079994400886e-05, -1.4709997741506526e-07, 8.352475603581228e-06, 1.4208955865547038e-06]","[0.0, 2.396119626797052e-05, 1.504079994400886e-05, -1.4709997741506526e-07, 7.354126324856912e-06, 5.49435154870576e-07]"
360.0,3,"[0.0, 0.05, 0.0]",-0.004999750077051268,4527.300407566325,"[0.0, 2.396119626797052e-05, 1.504079994400886e-05, -1.4709997741506526e-07, 7.354126324856912e-06, 5.49435154870576e-07]","[1.32519604825869e-05, 2.009659520466182e-05, 2.3156530055291817e-05, 1.0329033917913878e-05, 7.354126324856912e-06, 5.49435154870576e-07]"
540.0,4,"[-0.01, -0.0, -0.0]",-0.000999999992192608,4527.300407530585,"[1.32519604825869e-05, 2.009659520466182e-05, 2.3156530055291817e-05, 1.0329033917913878e-05, 7.354126324856912e-06, 5.49435154870576e-07]","[1.32519604825869e-05, 1.8889908337417244e-05, 2.1972084893623722e-05, 1.09233690298848e-05, 7.354126324856912e-06, 5.49435154870576e-07]"
