time,step,action,reward,entropy,state,next_state
0.0,1,"[-0.0, -0.0, -0.05]",-0.003031756526797309,3080.4592898060932,"[0.0, 2.6211443206883547e-05, 1.288135680706186e-05, 1.137925912252399e-06, 5.750867183626533e-06, 3.5880563220892523e-07]","[0.0, 2.6211443206883547e-05, 1.288135680706186e-05, 1.137925912252399e-06, 1.2599969692660227e-08, -2.9541844884377992e-06]"
180.0,2,"[0.05, 0.0, 0.0]",-0.004314243583917569,3078.342679078378,"[0.0, 2.6211443206883547e-05, 1.288135680706186e-05, 1.137925912252399e-06, 1.2599969692660227e-08, -2.9541844884377992e-06]","[0.0, 1.2959482724296648e-05, 1.72386589654825e-05, -3.853820481369181e-06, 1.2599969692660227e-08, -2.9541844884377992e-06]"
360.0,3,"[0.0, 0.0, 0.0]",9.269897010573234e-07,3078.339817892832,"[0.0, 1.2959482724296648e-05, 1.72386589654825e-05, -3.853820481369181e-06, 1.2599969692660227e-08, -2.9541844884377992e-06]","[0.0, 1.2959482724296648e-05, 1.72386589654825e-05, -3.853820481369181e-06, 1.2599969692660227e-08, -2.9541844884377992e-06]"
540.0,4,"[-0.05, -0.0, -0.0]",-0.005000000000000001,3078.339817892832,"[0.0, 1.2959482724296648e-05, 1.72386589654825e-05, -3.853820481369181e-06, 1.2599969692660227e-08, -2.9541844884377992e-06]","[0.0, 2.6211443206883547e-05, 1.1316433157142019e-05, -8.821449215145791e-07, 1.2599969692660227e-08, -2.9541844884377992e-06]"
