{
    "episode": 103,
    "duration_seconds": 2121.5483996868134,
    "duration_minutes": 35.35913999478022,
    "cpu_memory_used_mb": 1098.40625,
    "cpu_memory_peak_mb": 1653.86328125,
    "gpu_memory_peak_mb": 1118.15869140625,
    "initial_entropy": 2138.398681640625,
    "final_entropy": 190.06478881835938,
    "entropy_reduction": 1948.3338928222656,
    "omp_threads_env": "auto",
    "omp_threads_config": "auto"
}