time,step,action,reward,entropy,state,next_state
0.0,1,"[0.0, 0.01, 0.0]",0.027780631044219,5073.477497007506,"[0.0, 2.9039261443027e-05, 1.4394208053498513e-05, -1.1568726089311048e-08, 7.792542744185618e-06, -6.565689268479088e-07]","[2.65039209651738e-06, 2.8267835427333665e-05, 1.6689514939072064e-05, 1.3136273221693789e-06, 7.792542744185618e-06, -6.565689268479088e-07]"
180.0,2,"[-0.0, -0.0, -0.05]",0.003232885535123289,5030.470365114332,"[2.65039209651738e-06, 2.8267835427333665e-05, 1.6689514939072064e-05, 1.3136273221693789e-06, 7.792542744185618e-06, -6.565689268479088e-07]","[2.65039209651738e-06, 2.7496409411640327e-05, 1.6689514939072064e-05, 1.3136273221693789e-06, 2.8007963505640367e-06, -5.013871085268547e-06]"
360.0,3,"[-0.0, -0.0, -0.01]",0.0025866693780402616,5011.734241268019,"[2.65039209651738e-06, 2.7496409411640327e-05, 1.6689514939072064e-05, 1.3136273221693789e-06, 2.8007963505640367e-06, -5.013871085268547e-06]","[2.65039209651738e-06, 2.672498339594699e-05, 1.6689514939072064e-05, 1.3136273221693789e-06, 1.9892233394357413e-06, -6.061484474801441e-06]"
540.0,4,"[0.0, 0.05, 0.0]",-0.004468147062764545,5008.9559359798095,"[2.65039209651738e-06, 2.672498339594699e-05, 1.6689514939072064e-05, 1.3136273221693789e-06, 1.9892233394357413e-06, -6.061484474801441e-06]","[1.590235257910428e-05, 2.2085575093192925e-05, 2.263286605878127e-05, 1.3158078938850338e-05, 1.9892233394357413e-06, -6.061484474801441e-06]"
