time,step,action,reward,entropy,state,next_state
0.0,1,"[-0.0, -0.05, -0.0]",587.3040377759679,4957.873401703595,"[0.0, 2.9187753062843312e-05, 1.4044899192825188e-05, 2.471340384036034e-07, 7.265270140155788e-06, 4.554288574833642e-08]","[-1.32519604825869e-05, 3.5616430980382905e-05, 2.5683647649574423e-06, -6.378846202889846e-06, 7.265270140155788e-06, 4.554288574833642e-08]"
300.0,2,"[0.0, 0.0, 0.01]",60.61589283162937,4897.257507871966,"[-1.32519604825869e-05, 3.5616430980382905e-05, 2.5683647649574423e-06, -6.378846202889846e-06, 7.265270140155788e-06, 4.554288574833642e-08]","[-1.32519604825869e-05, 4.2045108897922494e-05, 2.5683647649574423e-06, -6.378846202889846e-06, 8.142858986255209e-06, 1.0385093421416702e-06]"
600.0,3,"[0.05, 0.0, 0.0]",1.3948700509371166,4895.8626328210285,"[-1.32519604825869e-05, 4.2045108897922494e-05, 2.5683647649574423e-06, -6.378846202889846e-06, 8.142858986255209e-06, 1.0385093421416702e-06]","[-1.32519604825869e-05, 3.5221826332875186e-05, 8.670282234311554e-06, -8.96152259671125e-06, 8.142858986255209e-06, 1.0385093421416702e-06]"
900.0,4,"[0.05, 0.0, 0.0]",-5e-06,4895.8626328210285,"[-1.32519604825869e-05, 3.5221826332875186e-05, 8.670282234311554e-06, -8.96152259671125e-06, 8.142858986255209e-06, 1.0385093421416702e-06]","[-1.32519604825869e-05, 2.839854376782788e-05, 1.5276634200491135e-05, -9.4711576200038e-06, 8.142858986255209e-06, 1.0385093421416702e-06]"
1200.0,5,"[0.0, 0.05, 0.0]",-5e-06,4895.8626328210285,"[-1.32519604825869e-05, 2.839854376782788e-05, 1.5276634200491135e-05, -9.4711576200038e-06, 8.142858986255209e-06, 1.0385093421416702e-06]","[0.0, 2.8379424588556548e-05, 1.2044142938243756e-05, 3.38051374490198e-06, 8.142858986255209e-06, 1.0385093421416702e-06]"
