{
    "episode": 84,
    "duration_seconds": 2074.7761945724487,
    "duration_minutes": 34.57960324287414,
    "cpu_memory_used_mb": 1015.40625,
    "cpu_memory_peak_mb": 1569.83203125,
    "gpu_memory_peak_mb": 1122.83447265625,
    "initial_entropy": 2758.253662109375,
    "final_entropy": 397.4149169921875,
    "entropy_reduction": 2360.8387451171875,
    "omp_threads_env": "auto",
    "omp_threads_config": "auto"
}