time,step,action,reward,entropy,state,next_state
0.0,1,"[-0.0, -0.0, -0.05]",0.0738136607980722,5133.095008805388,"[0.0, 2.8046257283217187e-05, 1.389652739064311e-05, -9.321495041674766e-07, 8.542807059904824e-06, -4.596297925147853e-08]","[0.0, 2.8046257283217187e-05, 1.389652739064311e-05, -9.321495041674766e-07, 2.8045398459709518e-06, -3.3589530998982032e-06]"
120.0,2,"[-0.0, -0.0, -0.01]",0.0070609745851943715,5093.386134055077,"[0.0, 2.8046257283217187e-05, 1.389652739064311e-05, -9.321495041674766e-07, 2.8045398459709518e-06, -3.3589530998982032e-06]","[0.0, 2.8046257283217187e-05, 1.389652739064311e-05, -9.321495041674766e-07, 1.7519510021816941e-06, -4.1640625907445366e-06]"
240.0,3,"[-0.0, -0.0, -0.01]",0.001159382208828294,5086.402636236703,"[0.0, 2.8046257283217187e-05, 1.389652739064311e-05, -9.321495041674766e-07, 1.7519510021816941e-06, -4.1640625907445366e-06]","[0.0, 2.8046257283217187e-05, 1.389652739064311e-05, -9.321495041674766e-07, 8.120164882117267e-07, -5.098229425827269e-06]"
