time,step,action,reward,entropy,state,next_state
0.0,1,"[-0.0, -0.05, -0.0]",0.020517192709479853,5107.397692765662,"[0.0, 3.0361364957570915e-05, 1.4343993187515554e-05, 3.4182455695618e-07, 8.199802812730316e-06, 1.1092633971253001e-06]","[-1.32519604825869e-05, 3.421857170809467e-05, 2.8674587596478083e-06, -6.284155684337269e-06, 8.199802812730316e-06, 1.1092633971253001e-06]"
180.0,2,"[0.0, 0.0, 0.05]",0.004001049640130348,5060.221960345823,"[-1.32519604825869e-05, 3.421857170809467e-05, 2.8674587596478083e-06, -6.284155684337269e-06, 8.199802812730316e-06, 1.1092633971253001e-06]","[-1.32519604825869e-05, 3.807577845861842e-05, 2.8674587596478083e-06, -6.284155684337269e-06, 1.3191549206351898e-05, 5.466565555545939e-06]"
360.0,3,"[0.0, 0.01, 0.0]",0.0025741661093203706,5041.489266855766,"[-1.32519604825869e-05, 3.807577845861842e-05, 2.8674587596478083e-06, -6.284155684337269e-06, 1.3191549206351898e-05, 5.466565555545939e-06]","[-1.0601568386069519e-05, 4.116002921618713e-05, 4.490604781904399e-06, -4.18892890527148e-06, 1.3191549206351898e-05, 5.466565555545939e-06]"
540.0,4,"[0.01, 0.0, 0.0]",0.0013843406838782587,5028.992611176979,"[-1.0601568386069519e-05, 4.116002921618713e-05, 4.490604781904399e-06, -4.18892890527148e-06, 1.3191549206351898e-05, 5.466565555545939e-06]","[-1.0601568386069519e-05, 4.1595392297147814e-05, 5.6750499435724955e-06, -4.7832640172424e-06, 1.3191549206351898e-05, 5.466565555545939e-06]"
