step,entropy
0,5545.177734375
1,5277.84326171875
2,5108.146484375
3,5000.77783203125
4,5000.77783203125
5,4903.8076171875
6,4903.8076171875
7,4903.8076171875
8,4903.8076171875
9,4903.8076171875
10,4815.837890625
11,4756.27099609375
12,4745.8388671875
13,4712.5830078125
14,4707.7099609375
15,4707.7099609375
16,4680.0009765625
17,4680.0009765625
18,4680.0009765625
19,4623.89892578125
20,4606.54931640625
