{
    "episode": 133,
    "duration_seconds": 2202.4899435043335,
    "duration_minutes": 36.70816572507223,
    "cpu_memory_used_mb": 510.1796875,
    "cpu_memory_peak_mb": 1064.35546875,
    "gpu_memory_peak_mb": 1126.7724609375,
    "initial_entropy": 2233.97412109375,
    "final_entropy": 229.6201171875,
    "entropy_reduction": 2004.35400390625,
    "omp_threads_env": "auto",
    "omp_threads_config": "auto"
}