time,step,action,reward,entropy,state,next_state
0.0,1,"[-0.0, -0.05, -0.0]",0.015516797687303557,5030.493801361102,"[0.0, 2.7383386757725454e-05, 1.3364430670665122e-05, -5.477479760941088e-07, 5.763087810704833e-06, 4.174354997353394e-08]","[-1.32519604825869e-05, 3.1240593508249206e-05, 1.8878962427973764e-06, -7.173728217387558e-06, 5.763087810704833e-06, 4.174354997353394e-08]"
180.0,2,"[0.0, 0.0, 0.05]",0.004179203160537697,4983.350650267248,"[-1.32519604825869e-05, 3.1240593508249206e-05, 1.8878962427973764e-06, -7.173728217387558e-06, 5.763087810704833e-06, 4.174354997353394e-08]","[-1.32519604825869e-05, 3.509780025877296e-05, 1.8878962427973764e-06, -7.173728217387558e-06, 1.0754834204326414e-05, 4.399045708394173e-06]"
360.0,3,"[-0.0, -0.0, -0.01]",0.003862531076862583,4958.377345586446,"[-1.32519604825869e-05, 3.509780025877296e-05, 1.8878962427973764e-06, -7.173728217387558e-06, 1.0754834204326414e-05, 4.399045708394173e-06]","[-1.32519604825869e-05, 3.895500700929671e-05, 1.8878962427973764e-06, -7.173728217387558e-06, 9.943261193198119e-06, 3.3514323188612783e-06]"
540.0,4,"[-0.0, -0.01, -0.0]",0.0041315648432741795,4932.022319717271,"[-1.32519604825869e-05, 3.895500700929671e-05, 1.8878962427973764e-06, -7.173728217387558e-06, 9.943261193198119e-06, 3.3514323188612783e-06]","[-1.590235257910428e-05, 4.358585622046686e-05, 6.992260188555354e-07, -9.54261854072375e-06, 9.943261193198119e-06, 3.3514323188612783e-06]"
