time,step,action,reward,entropy,state,next_state
0.0,1,"[0.01, 0.0, 0.0]",0.12080020781938469,4874.764339046619,"[0.0, 3.0097143814372093e-05, 1.4423655378384006e-05, 2.864596190775424e-07, 6.257777424169676e-06, -1.121455671477164e-06]","[0.0, 2.7446751717854713e-05, 1.5086253402513351e-05, -8.611938237092322e-07, 6.257777424169676e-06, -1.121455671477164e-06]"
120.0,2,"[0.0, 0.01, 0.0]",0.012721227729607619,4803.668356229863,"[0.0, 2.7446751717854713e-05, 1.5086253402513351e-05, -8.611938237092322e-07, 6.257777424169676e-06, -1.121455671477164e-06]","[2.65039209651738e-06, 2.693195485484247e-05, 1.7191431090091865e-05, 7.490251579834345e-07, 6.257777424169676e-06, -1.121455671477164e-06]"
240.0,3,"[0.0, 0.0, 0.0]",0.006622632873434593,4766.944681797025,"[2.65039209651738e-06, 2.693195485484247e-05, 1.7191431090091865e-05, 7.490251579834345e-07, 6.257777424169676e-06, -1.121455671477164e-06]","[2.65039209651738e-06, 2.6417670844380244e-05, 1.7191431090091865e-05, 7.490251579834345e-07, 6.257777424169676e-06, -1.121455671477164e-06]"
