step,entropy
0,5545.177734375
1,5545.177734375
2,5545.177734375
3,5545.177734375
4,5255.6806640625
5,5255.6806640625
6,5255.6806640625
7,5255.6806640625
8,5255.6806640625
9,5255.6806640625
10,5127.5478515625
11,5127.5478515625
12,5127.5478515625
13,4700.8828125
14,4700.8828125
15,3939.59521484375
16,2952.97314453125
17,1441.3653564453125
18,1015.7891845703125
19,985.2100830078125
20,985.199462890625
