time,step,action,reward,entropy,state,next_state
0.0,1,"[0.0, 0.0, 0.0]",0.14263226996873687,4754.256198194003,"[0.0, 2.6624073980089247e-05, 1.4857733023884422e-05, -1.7539489956594424e-07, 6.633692101356007e-06, 1.3844821679897445e-06]","[0.0, 2.6624073980089247e-05, 1.4857733023884422e-05, -1.7539489956594424e-07, 6.633692101356007e-06, 1.3844821679897445e-06]"
120.0,2,"[0.01, 0.0, 0.0]",-9.598197051140066e-06,4753.754904155351,"[0.0, 2.6624073980089247e-05, 1.4857733023884422e-05, -1.7539489956594424e-07, 6.633692101356007e-06, 1.3844821679897445e-06]","[0.0, 2.3973681883571867e-05, 1.5662842514730755e-05, -1.227983743355202e-06, 6.633692101356007e-06, 1.3844821679897445e-06]"
240.0,3,"[0.0, 0.01, 0.0]",-9.556487956103728e-05,4753.7303106255295,"[0.0, 2.3973681883571867e-05, 1.5662842514730755e-05, -1.227983743355202e-06, 6.633692101356007e-06, 1.3844821679897445e-06]","[2.65039209651738e-06, 2.3458380738248934e-05, 1.754271154267069e-05, 6.40349926810264e-07, 6.633692101356007e-06, 1.3844821679897445e-06]"
