time,step,action,reward,entropy,state,next_state
0.0,1,"[0.0, 0.0, 0.05]",-0.003909653113776718,4847.310902941989,"[0.0, 2.8809443561059168e-05, 1.5270159774970565e-05, -1.2207789451127422e-06, 7.6276522907274355e-06, 1.0993981787544836e-06]","[0.0, 2.8809443561059168e-05, 1.5270159774970565e-05, -1.2207789451127422e-06, 1.3365919504661307e-05, 4.412388299401208e-06]"
180.0,2,"[0.01, 0.0, 0.0]",-0.0009999959566690316,4847.310883321314,"[0.0, 2.8809443561059168e-05, 1.5270159774970565e-05, -1.2207789451127422e-06, 1.3365919504661307e-05, 4.412388299401208e-06]","[0.0, 2.6159051464541787e-05, 1.6141620206654693e-05, -2.2191282238370583e-06, 1.3365919504661307e-05, 4.412388299401208e-06]"
360.0,3,"[0.0, 0.0, 0.05]",-0.004999999985270338,4847.3108832498365,"[0.0, 2.6159051464541787e-05, 1.6141620206654693e-05, -2.2191282238370583e-06, 1.3365919504661307e-05, 4.412388299401208e-06]","[0.0, 2.6159051464541787e-05, 1.6141620206654693e-05, -2.2191282238370583e-06, 1.7423784560302784e-05, 9.650455247065679e-06]"
540.0,4,"[0.01, 0.0, 0.0]",-0.001,4847.3108832498365,"[0.0, 2.6159051464541787e-05, 1.6141620206654693e-05, -2.2191282238370583e-06, 1.7423784560302784e-05, 9.650455247065679e-06]","[0.0, 2.3508659368024406e-05, 1.7326065368322788e-05, -2.8134633358079787e-06, 1.7423784560302784e-05, 9.650455247065679e-06]"
