{
    "episode": 140,
    "duration_seconds": 2405.8964433670044,
    "duration_minutes": 40.09827405611674,
    "cpu_memory_used_mb": 789.28125,
    "cpu_memory_peak_mb": 1344.671875,
    "gpu_memory_peak_mb": 1125.17236328125,
    "initial_entropy": 2424.432373046875,
    "final_entropy": 225.44349670410156,
    "entropy_reduction": 2198.9888763427734,
    "omp_threads_env": "auto",
    "omp_threads_config": "auto"
}