{
    "episode": 135,
    "duration_seconds": 2256.0733489990234,
    "duration_minutes": 37.60122248331706,
    "cpu_memory_used_mb": 731.12890625,
    "cpu_memory_peak_mb": 1288.60546875,
    "gpu_memory_peak_mb": 1127.6337890625,
    "initial_entropy": 2604.501953125,
    "final_entropy": 237.9727783203125,
    "entropy_reduction": 2366.5291748046875,
    "omp_threads_env": "auto",
    "omp_threads_config": "auto"
}