{
    "episode": 105,
    "duration_seconds": 2047.345005273819,
    "duration_minutes": 34.12241675456365,
    "cpu_memory_used_mb": 1199.40625,
    "cpu_memory_peak_mb": 1753.15625,
    "gpu_memory_peak_mb": 1122.95751953125,
    "initial_entropy": 2524.163330078125,
    "final_entropy": 390.48028564453125,
    "entropy_reduction": 2133.6830444335938,
    "omp_threads_env": "auto",
    "omp_threads_config": "auto"
}