time,step,action,reward,entropy,state,next_state
0.0,1,"[-0.0, -0.0, -0.05]",-0.0037772355160815346,4866.036735683798,"[0.0, 2.9165963325155193e-05, 1.5616824253311096e-05, -1.036257534904903e-06, 7.756564374281462e-06, -5.639371299839186e-07]","[0.0, 2.9165963325155193e-05, 1.5616824253311096e-05, -1.036257534904903e-06, 2.018297160347589e-06, -3.876927250630643e-06]"
180.0,2,"[-0.05, -0.0, -0.0]",-0.004572242656988837,4863.952704459382,"[0.0, 2.9165963325155193e-05, 1.5616824253311096e-05, -1.036257534904903e-06, 2.018297160347589e-06, -3.876927250630643e-06]","[0.0, 4.241792380774209e-05, 1.1259522094890458e-05, 3.955488858716678e-06, 2.018297160347589e-06, -3.876927250630643e-06]"
360.0,3,"[0.05, 0.0, 0.0]",-0.004999882507460603,4863.952132036431,"[0.0, 4.241792380774209e-05, 1.1259522094890458e-05, 3.955488858716678e-06, 2.018297160347589e-06, -3.876927250630643e-06]","[0.0, 2.9165963325155193e-05, 1.6497589042554928e-05, -1.0237619692480043e-07, 2.018297160347589e-06, -3.876927250630643e-06]"
540.0,4,"[-0.0, -0.0, -0.05]",-0.004999999977993077,4863.9521319292135,"[0.0, 2.9165963325155193e-05, 1.6497589042554928e-05, -1.0237619692480043e-07, 2.018297160347589e-06, -3.876927250630643e-06]","[0.0, 2.9165963325155193e-05, 1.6497589042554928e-05, -1.0237619692480043e-07, -9.533783995070133e-07, -9.799153058971122e-06]"
