step,entropy
0,5545.177444479563
1,4535.4023331972985
