time,step,action,reward,entropy,state,next_state
0.0,1,"[-0.0, -0.01, -0.0]",0.007871479122416935,4547.335388903641,"[0.0, 2.7387009701099692e-05, 1.4219612173595711e-05, 3.190919897543346e-07, 8.003226470756754e-06, -9.090005404993483e-07]","[-2.65039209651738e-06, 2.81584408282635e-05, 1.1924305288022162e-05, -1.0061040585043553e-06, 8.003226470756754e-06, -9.090005404993483e-07]"
180.0,2,"[0.05, 0.0, 0.0]",-0.004997878081445927,4547.325653460527,"[-2.65039209651738e-06, 2.81584408282635e-05, 1.1924305288022162e-05, -1.0061040585043553e-06, 8.003226470756754e-06, -9.090005404993483e-07]","[-2.65039209651738e-06, 1.567791147284041e-05, 1.62816074464428e-05, -5.997850452125936e-06, 8.003226470756754e-06, -9.090005404993483e-07]"
360.0,3,"[0.0, 0.0, 0.0]",2.990422908487224e-06,4547.311933286369,"[-2.65039209651738e-06, 1.567791147284041e-05, 1.62816074464428e-05, -5.997850452125936e-06, 8.003226470756754e-06, -9.090005404993483e-07]","[-2.65039209651738e-06, 1.6449342600004218e-05, 1.62816074464428e-05, -5.997850452125936e-06, 8.003226470756754e-06, -9.090005404993483e-07]"
540.0,4,"[-0.0, -0.0, -0.01]",-0.001,4547.311933286369,"[-2.65039209651738e-06, 1.6449342600004218e-05, 1.62816074464428e-05, -5.997850452125936e-06, 8.003226470756754e-06, -9.090005404993483e-07]","[-2.65039209651738e-06, 1.7220773727168026e-05, 1.62816074464428e-05, -5.997850452125936e-06, 7.408891358785834e-06, -2.093445702167444e-06]"
