{
    "episode": 54,
    "duration_seconds": 2587.6194570064545,
    "duration_minutes": 43.126990950107576,
    "cpu_memory_used_mb": 6.0859375,
    "cpu_memory_peak_mb": 1384.640625,
    "gpu_memory_peak_mb": 1085.1826171875,
    "initial_entropy": 2560.86962890625,
    "final_entropy": 167.19088745117188,
    "entropy_reduction": 2393.678741455078
}