{
    "episode": 117,
    "duration_seconds": 2003.7553758621216,
    "duration_minutes": 33.39592293103536,
    "cpu_memory_used_mb": 967.953125,
    "cpu_memory_peak_mb": 1523.63671875,
    "gpu_memory_peak_mb": 1123.63427734375,
    "initial_entropy": 2897.46142578125,
    "final_entropy": 235.84661865234375,
    "entropy_reduction": 2661.6148071289062,
    "omp_threads_env": "auto",
    "omp_threads_config": "auto"
}