time,step,action,reward,entropy,state,next_state
0.0,1,"[-0.0, -0.05, -0.0]",0.02286989351832668,5051.977360970438,"[0.0, 2.9982569983384088e-05, 1.3885887944441063e-05, 7.163887610107764e-07, 7.94678324382061e-06, 1.2233091390698826e-06]","[-1.32519604825869e-05, 3.383977673390784e-05, 2.409353516573318e-06, -5.909591480282672e-06, 7.94678324382061e-06, 1.2233091390698826e-06]"
180.0,2,"[0.0, 0.0, 0.01]",0.011678292812382987,4986.090657290697,"[-1.32519604825869e-05, 3.383977673390784e-05, 2.409353516573318e-06, -5.909591480282672e-06, 7.94678324382061e-06, 1.2233091390698826e-06]","[-1.32519604825869e-05, 3.7696983484431595e-05, 2.409353516573318e-06, -5.909591480282672e-06, 8.945132522544926e-06, 2.0947695707540103e-06]"
360.0,3,"[-0.0, -0.05, -0.0]",-0.0013914988646323467,4967.337955444139,"[-1.32519604825869e-05, 3.7696983484431595e-05, 2.409353516573318e-06, -5.909591480282672e-06, 8.945132522544926e-06, 2.0947695707540103e-06]","[-2.65039209651738e-05, 4.541904687178765e-05, -5.706376594709638e-06, -1.6385725375611614e-05, 8.945132522544926e-06, 2.0947695707540103e-06]"
540.0,4,"[0.0, 0.0, 0.05]",-0.0024626032296926974,4954.151581568953,"[-2.65039209651738e-05, 4.541904687178765e-05, -5.706376594709638e-06, -1.6385725375611614e-05, 8.945132522544926e-06, 2.0947695707540103e-06]","[-2.65039209651738e-05, 5.3133588159596955e-05, -5.706376594709638e-06, -1.6385725375611614e-05, 1.1916808082399529e-05, 8.016995379094489e-06]"
