time,step,action,reward,entropy,state,next_state
0.0,1,"[-0.01, -0.0, -0.0]",0.012718771513467213,4684.935198273709,"[0.0, 2.5752812978119707e-05, 1.2928707068708773e-05, 6.60032173845005e-07, 7.418066626882754e-06, 8.734352824533569e-07]","[0.0, 2.8403205074637087e-05, 1.2266109044579428e-05, 1.8076856166317794e-06, 7.418066626882754e-06, 8.734352824533569e-07]"
180.0,2,"[0.0, 0.0, 0.0]",0.009630772425527508,4639.188058999696,"[0.0, 2.8403205074637087e-05, 1.2266109044579428e-05, 1.8076856166317794e-06, 7.418066626882754e-06, 8.734352824533569e-07]","[0.0, 2.8403205074637087e-05, 1.2266109044579428e-05, 1.8076856166317794e-06, 7.418066626882754e-06, 8.734352824533569e-07]"
360.0,3,"[-0.0, -0.0, -0.01]",0.0026497501828102294,4621.851377937042,"[0.0, 2.8403205074637087e-05, 1.2266109044579428e-05, 1.8076856166317794e-06, 7.418066626882754e-06, 8.734352824533569e-07]","[0.0, 2.8403205074637087e-05, 1.2266109044579428e-05, 1.8076856166317794e-06, 6.606493615754459e-06, -1.741781070795375e-07]"
540.0,4,"[0.05, 0.0, 0.0]",-0.005000000000000001,4621.851377937042,"[0.0, 2.8403205074637087e-05, 1.2266109044579428e-05, 1.8076856166317794e-06, 6.606493615754459e-06, -1.741781070795375e-07]","[0.0, 1.5151244592050187e-05, 1.8188334852919907e-05, -1.1639899432228229e-06, 6.606493615754459e-06, -1.741781070795375e-07]"
