time,step,action,reward,entropy,state,next_state
0.0,1,"[-0.0, -0.0, -0.01]",816.5465396047942,4728.630903874769,"[0.0, 2.8715159733835752e-05, 1.4048964399360316e-05, 1.6708360278199662e-07, 7.069078167168159e-06, 4.696386126275866e-08]","[0.0, 2.8715159733835752e-05, 1.4048964399360316e-05, 1.6708360278199662e-07, 5.921424724381384e-06, -6.156341628665863e-07]"
30.0,2,"[0.0, 0.0, 0.05]",4.828222458382571,4723.802676416386,"[0.0, 2.8715159733835752e-05, 1.4048964399360316e-05, 1.6708360278199662e-07, 5.921424724381384e-06, -6.156341628665863e-07]","[0.0, 2.8715159733835752e-05, 1.4048964399360316e-05, 1.6708360278199662e-07, 1.1549567219126951e-05, 2.881168121628545e-06]"
60.0,3,"[-0.05, -0.0, -0.0]",4.157773920980491,4719.6448974954055,"[0.0, 2.8715159733835752e-05, 1.4048964399360316e-05, 1.6708360278199662e-07, 1.1549567219126951e-05, 2.881168121628545e-06]","[0.0, 4.196712021642265e-05, 1.0372006904111494e-05, 5.679215471319316e-06, 1.1549567219126951e-05, 2.881168121628545e-06]"
90.0,4,"[0.0, 0.0, 0.0]",1.3885811861046022,4718.256316309301,"[0.0, 4.196712021642265e-05, 1.0372006904111494e-05, 5.679215471319316e-06, 1.1549567219126951e-05, 2.881168121628545e-06]","[0.0, 4.196712021642265e-05, 1.0372006904111494e-05, 5.679215471319316e-06, 1.1549567219126951e-05, 2.881168121628545e-06]"
120.0,5,"[0.0, 0.05, 0.0]",36.01506556770333,4682.241245741598,"[0.0, 4.196712021642265e-05, 1.0372006904111494e-05, 5.679215471319316e-06, 1.1549567219126951e-05, 2.881168121628545e-06]","[1.32519604825869e-05, 4.132170945971223e-05, 2.089789534200407e-05, 1.3730310379782648e-05, 1.1549567219126951e-05, 2.881168121628545e-06]"
