{
    "episode": 167,
    "duration_seconds": 1983.811551809311,
    "duration_minutes": 33.063525863488515,
    "cpu_memory_used_mb": 1298.75390625,
    "cpu_memory_peak_mb": 1858.23046875,
    "gpu_memory_peak_mb": 1127.57177734375,
    "initial_entropy": 2253.3662109375,
    "final_entropy": 224.068359375,
    "entropy_reduction": 2029.2978515625,
    "omp_threads_env": "auto",
    "omp_threads_config": "auto"
}