{
    "episode": 173,
    "duration_seconds": 1952.8039762973785,
    "duration_minutes": 32.546732938289644,
    "cpu_memory_used_mb": 996.03125,
    "cpu_memory_peak_mb": 1555.0390625,
    "gpu_memory_peak_mb": 1126.77197265625,
    "initial_entropy": 2560.86962890625,
    "final_entropy": 208.83004760742188,
    "entropy_reduction": 2352.039581298828,
    "omp_threads_env": "auto",
    "omp_threads_config": "auto"
}