{
    "episode": 56,
    "duration_seconds": 2148.0858681201935,
    "duration_minutes": 35.80143113533656,
    "cpu_memory_used_mb": 935.01171875,
    "cpu_memory_peak_mb": 1490.65234375,
    "gpu_memory_peak_mb": 1119.63525390625,
    "initial_entropy": 2329.54931640625,
    "final_entropy": 191.46109008789062,
    "entropy_reduction": 2138.0882263183594,
    "omp_threads_env": "auto",
    "omp_threads_config": "auto"
}