time,step,action,reward,entropy,state,next_state
0.0,1,"[0.0, 0.0, 0.0]",545.0569359253386,5000.120508554224,"[0.0, 2.8602874980448764e-05, 1.4470555811868053e-05, 7.528722961230232e-08, 7.099701109267515e-06, 1.1051762334918844e-07]","[0.0, 2.8602874980448764e-05, 1.4470555811868053e-05, 7.528722961230232e-08, 7.099701109267515e-06, 1.1051762334918844e-07]"
300.0,2,"[-0.05, -0.0, -0.0]",22.41448773024409,4977.70601582398,"[0.0, 2.8602874980448764e-05, 1.4470555811868053e-05, 7.528722961230232e-08, 7.099701109267515e-06, 1.1051762334918844e-07]","[0.0, 4.185483546303566e-05, 9.505723529901385e-06, 4.46323146010941e-06, 7.099701109267515e-06, 1.1051762334918844e-07]"
600.0,3,"[0.0, 0.01, 0.0]",0.7000119105363157,4977.006002913444,"[0.0, 4.185483546303566e-05, 9.505723529901385e-06, 4.46323146010941e-06, 7.099701109267515e-06, 1.1051762334918844e-07]","[2.65039209651738e-06, 4.05667295904741e-05, 1.0538794087429946e-05, 6.903998447851054e-06, 7.099701109267515e-06, 1.1051762334918844e-07]"
900.0,4,"[-0.0, -0.0, -0.05]",-5e-06,4977.006002913444,"[2.65039209651738e-06, 4.05667295904741e-05, 1.0538794087429946e-05, 6.903998447851054e-06, 7.099701109267515e-06, 1.1051762334918844e-07]","[2.65039209651738e-06, 3.928101956431854e-05, 1.0538794087429946e-05, 6.903998447851054e-06, 6.590066085974964e-06, -6.495834342830391e-06]"
1200.0,5,"[0.0, 0.05, 0.0]",-5e-06,4977.006002913444,"[2.65039209651738e-06, 3.928101956431854e-05, 1.0538794087429946e-05, 6.903998447851054e-06, 6.590066085974964e-06, -6.495834342830391e-06]","[1.590235257910428e-05, 3.154776801487565e-05, 7.306302825182566e-06, 1.9755669812756834e-05, 6.590066085974964e-06, -6.495834342830391e-06]"
