{
    "episode": 176,
    "duration_seconds": 2024.3566658496857,
    "duration_minutes": 33.73927776416143,
    "cpu_memory_used_mb": 1249.84765625,
    "cpu_memory_peak_mb": 1810.296875,
    "gpu_memory_peak_mb": 1128.06396484375,
    "initial_entropy": 2823.355712890625,
    "final_entropy": 224.74700927734375,
    "entropy_reduction": 2598.6087036132812,
    "omp_threads_env": "auto",
    "omp_threads_config": "auto"
}