time,step,action,reward,entropy,state,next_state
0.0,1,"[-0.05, -0.0, -0.0]",0.020335529533801966,5117.125188128239,"[0.0, 2.7450296026603058e-05, 1.4991459590141424e-05, -1.1948852154953186e-06, 6.514380668501109e-06, -6.433273310300784e-07]","[0.0, 4.070225650918996e-05, 1.16784694694947e-05, 4.543381998438554e-06, 6.514380668501109e-06, -6.433273310300784e-07]"
180.0,2,"[-0.0, -0.0, -0.01]",0.005079441522366642,5085.207267360105,"[0.0, 4.070225650918996e-05, 1.16784694694947e-05, 4.543381998438554e-06, 6.514380668501109e-06, -6.433273310300784e-07]","[0.0, 4.070225650918996e-05, 1.16784694694947e-05, 4.543381998438554e-06, 5.516031389776793e-06, -1.514787762714206e-06]"
360.0,3,"[0.01, 0.0, 0.0]",0.003226417156235304,5063.0179844416825,"[0.0, 4.070225650918996e-05, 1.16784694694947e-05, 4.543381998438554e-06, 5.516031389776793e-06, -1.514787762714206e-06]","[0.0, 3.805186441267258e-05, 1.2726082859027594e-05, 3.731808987310259e-06, 5.516031389776793e-06, -1.514787762714206e-06]"
540.0,4,"[0.0, 0.0, 0.0]",0.000660666942382994,5059.549390321067,"[0.0, 3.805186441267258e-05, 1.2726082859027594e-05, 3.731808987310259e-06, 5.516031389776793e-06, -1.514787762714206e-06]","[0.0, 3.805186441267258e-05, 1.2726082859027594e-05, 3.731808987310259e-06, 5.516031389776793e-06, -1.514787762714206e-06]"
