time,step,action,reward,entropy,state,next_state
0.0,1,"[0.0, 0.01, 0.0]",827.6277479590575,4717.549695520505,"[0.0, 2.838391704257938e-05, 1.4254327287355914e-05, 1.7030854635760472e-07, 7.1478610147589255e-06, 8.140472304932106e-08]","[2.65039209651738e-06, 2.8255346039963827e-05, 1.6549634172929462e-05, 1.4955045946162947e-06, 7.1478610147589255e-06, 8.140472304932106e-08]"
30.0,2,"[0.05, 0.0, 0.0]",6.89908981333234,4710.650600707173,"[2.65039209651738e-06, 2.8255346039963827e-05, 1.6549634172929462e-05, 1.4955045946162947e-06, 7.1478610147589255e-06, 8.140472304932106e-08]","[2.65039209651738e-06, 1.4874814554761371e-05, 2.0046436457424592e-05, -4.1326379001292715e-06, 7.1478610147589255e-06, 8.140472304932106e-08]"
60.0,3,"[0.05, 0.0, 0.0]",2.7788983717181157,4707.871697335455,"[2.65039209651738e-06, 1.4874814554761371e-05, 2.0046436457424592e-05, -4.1326379001292715e-06, 7.1478610147589255e-06, 8.140472304932106e-08]","[2.65039209651738e-06, 1.4942830695589155e-06, 2.3723393952673414e-05, -9.64476976866659e-06, 7.1478610147589255e-06, 8.140472304932106e-08]"
90.0,4,"[-0.01, -0.0, -0.0]",1.3891517513214897,4706.482544584133,"[2.65039209651738e-06, 1.4942830695589155e-06, 2.3723393952673414e-05, -9.64476976866659e-06, 7.1478610147589255e-06, 8.140472304932106e-08]","[2.65039209651738e-06, 4.01610416346074e-06, 2.295274048332756e-05, -8.56669843684033e-06, 7.1478610147589255e-06, 8.140472304932106e-08]"
120.0,5,"[0.0, 0.01, 0.0]",0.6925749510086209,4705.789968633125,"[2.65039209651738e-06, 4.01610416346074e-06, 2.295274048332756e-05, -8.56669843684033e-06, 7.1478610147589255e-06, 8.140472304932106e-08]","[5.30078419303476e-06, 3.758450157591354e-06, 2.5057918170906077e-05, -6.956479455147664e-06, 7.1478610147589255e-06, 8.140472304932106e-08]"
