{
    "episode": 121,
    "duration_seconds": 1982.642580986023,
    "duration_minutes": 33.04404301643372,
    "cpu_memory_used_mb": 1009.8828125,
    "cpu_memory_peak_mb": 1564.01171875,
    "gpu_memory_peak_mb": 1123.14208984375,
    "initial_entropy": 2522.778076171875,
    "final_entropy": 219.20419311523438,
    "entropy_reduction": 2303.5738830566406,
    "omp_threads_env": "auto",
    "omp_threads_config": "auto"
}