step,entropy
0,5545.177734375
1,5545.177734375
2,5151.79443359375
3,4899.66259765625
4,4734.8115234375
5,4528.3125
6,4299.0087890625
7,4108.46484375
8,4108.46484375
9,4108.46484375
10,3455.196044921875
11,2873.20068359375
12,2648.4189453125
13,2270.673583984375
14,2063.399169921875
15,1908.8355712890625
16,1747.2816162109375
17,1576.009033203125
18,1467.1136474609375
19,1397.7130126953125
20,1329.7470703125
